cpf,nome
06015455160,Olivia Fernandes Lopes
27720152700,Fernanda Cardoso Nascimento
66097651465,Lucas Freitas Dias
74346657770,Vitoria Vieira Teixeira
38216096801,Gabriela Dias Pereira
11094568597,Otavio Soares Santos
88124986045,Natalia Barbosa Goncalves
96235025408,Diana Martins Cardoso
94691291725,Yasmin Marques Barbosa
02669436919,Isabela Pereira Freitas
81717618014,Matheus Lopes Andrade
55992007601,Eduardo Ramos Santos
99631267580,Rafaela Santana Carvalho
46953343214,Zoe Fernandes Barbosa
86843494749,Yasmin Teixeira Martins
83828454011,Diana Lima Teixeira
33948339562,Vitoria Mendes Ramos
63581684284,Lucas Oliveira Pereira
28148963690,Bruno Ferreira Lima
81312176636,Joao Dias Pereira
